{
   "dashboards": [{
      "autoswitchEnabled": false,
      "columnCount": 1,
      "columnProportion": "1",
      "creationTime": 1576093471664,
      "dashboardNavigations": {},
      "description": "",
      "disabled": false,
      "gridsterMaxColumns": 12,
      "hidden": false,
      "homeTab": false,
      "id": "81270b0e-2d6a-45c3-8bd4-ff13987fd951",
      "importAttempts": 0,
      "importComplete": true,
      "isDefault": false,
      "locked": false,
      "name": "Zombies VMs",
      "rank": 271,
      "shared": false,
      "states": [],
      "temporary": false,
      "userId": "af67c3eb-b10e-4a1a-8b0a-436cfd8d710e",
      "widgetInteractions": [
         {
            "type": "resourceId",
            "widgetIdProvider": "f662fe79-4cd6-4f30-8e77-722f558c6b65",
            "widgetIdReceiver": "8766f04c-f3d1-4622-b7b2-c62ad3c6b7ec"
         },
         {
            "type": "resourceId",
            "widgetIdProvider": "f662fe79-4cd6-4f30-8e77-722f558c6b65",
            "widgetIdReceiver": "e3ef2cad-9345-4431-804d-d874fa2e0317"
         },
         {
            "type": "resourceId",
            "widgetIdProvider": "f662fe79-4cd6-4f30-8e77-722f558c6b65",
            "widgetIdReceiver": "acb129a1-7318-4bb0-86f2-82e52e6f62f0"
         },
         {
            "type": "resourceId",
            "widgetIdProvider": "f662fe79-4cd6-4f30-8e77-722f558c6b65",
            "widgetIdReceiver": "c33169ab-19b6-4ca5-9e60-73570a80391c"
         },
         {
            "type": "resourceId",
            "widgetIdProvider": "e3ef2cad-9345-4431-804d-d874fa2e0317",
            "widgetIdReceiver": "6a944b40-9c79-480b-a522-4767c62b3163"
         },
         {
            "type": "resourceId",
            "widgetIdProvider": "acb129a1-7318-4bb0-86f2-82e52e6f62f0",
            "widgetIdReceiver": "6a944b40-9c79-480b-a522-4767c62b3163"
         },
         {
            "type": "resourceId",
            "widgetIdProvider": "c33169ab-19b6-4ca5-9e60-73570a80391c",
            "widgetIdReceiver": "6a944b40-9c79-480b-a522-4767c62b3163"
         },
         {
            "type": "resourceId",
            "widgetIdProvider": "8766f04c-f3d1-4622-b7b2-c62ad3c6b7ec",
            "widgetIdReceiver": "6a944b40-9c79-480b-a522-4767c62b3163"
         },
         {
            "type": "resourceId",
            "widgetIdProvider": "f662fe79-4cd6-4f30-8e77-722f558c6b65",
            "widgetIdReceiver": "455c4b7c-5949-404b-a2cb-e6416813dccf"
         },
         {
            "type": "resourceId",
            "widgetIdProvider": "f662fe79-4cd6-4f30-8e77-722f558c6b65",
            "widgetIdReceiver": "90daf369-064b-430f-8b2c-5995da8a70b9"
         },
         {
            "type": "resourceId",
            "widgetIdProvider": "90daf369-064b-430f-8b2c-5995da8a70b9",
            "widgetIdReceiver": "6a944b40-9c79-480b-a522-4767c62b3163"
         }
      ],
      "widgets": [
         {
            "collapsed": false,
            "config": {
               "chartViewItems": [],
               "isUpdatedView": true,
               "refreshContent": {"refreshContent": true},
               "refreshInterval": 300,
               "resource": null,
               "selectFirstRow": {"selectFirstRow": false},
               "selfProvider": {"selfProvider": false},
               "title": "Power Off VMs",
               "traversalSpecId": "",
               "viewDefinitionId": "4cbb0cd9-9b90-4533-b601-2c04e24fcdb8"
            },
            "gridsterCoords": {
               "h": 7,
               "w": 4,
               "x": 8,
               "y": 1
            },
            "height": 380,
            "id": "8766f04c-f3d1-4622-b7b2-c62ad3c6b7ec",
            "title": "Power Off VMs",
            "type": "View"
         },
         {
            "collapsed": false,
            "config": {
               "additionalColumns": [],
               "customFilter": {
                  "excludedResources": null,
                  "filter": [],
                  "includedResources": null
               },
               "depth": 2,
               "filterMode": "tagPicker",
               "mode": "resource",
               "refreshContent": {"refreshContent": true},
               "refreshInterval": 300,
               "relationshipMode": {"relationshipMode": 0},
               "resource": [{
                  "id": "resource:id:0_::_",
                  "name": "CLUSTER"
               }],
               "selectFirstRow": {"selectFirstRow": false},
               "selfProvider": {"selfProvider": true},
               "tagFilter": {
                  "path": [
                     "/source/kind/kind:resourceKind:id:0_::_",
                     "/source/kind/kind:resourceKind:id:1_::_"
                  ],
                  "value": {
                     "adapterInstance": [],
                     "adapterKind": [],
                     "bus": [],
                     "collector": [],
                     "day": [],
                     "exclaim": false,
                     "healthRange": [],
                     "kind": [
                        "resourceKind:id:0_::_",
                        "resourceKind:id:1_::_"
                     ],
                     "maintenanceSchedule": [],
                     "state": [],
                     "status": [],
                     "tag": [],
                     "tier": []
                  }
               },
               "title": "Cluster List"
            },
            "gridsterCoords": {
               "h": 7,
               "w": 3,
               "x": 1,
               "y": 5
            },
            "height": 380,
            "id": "f662fe79-4cd6-4f30-8e77-722f558c6b65",
            "states": [
               {
                  "key": "perm_toolbarVisible_widget_81270b0e-2d6a-45c3-8bd4-ff13987fd951_f662fe79-4cd6-4f30-8e77-722f558c6b65",
                  "value": "b%3A1"
               },
               {
                  "key": "permResGrid_widget_81270b0e-2d6a-45c3-8bd4-ff13987fd951_f662fe79-4cd6-4f30-8e77-722f558c6b65",
                  "value": "o%3Acolumns%3Da%253Ao%25253Aid%25253Ds%2525253Ah1%25255Ehidden%25253Db%2525253A1%25255Ewidth%25253Dn%2525253A100%255Eo%25253Aid%25253Ds%2525253Ah2%255Eo%25253Aid%25253Ds%2525253Ah3%25255Ehidden%25253Db%2525253A1%25255Ewidth%25253Dn%2525253A100%255Eo%25253Aid%25253Ds%2525253Ah4%255Eo%25253Aid%25253Ds%2525253Ah5%255Eo%25253Aid%25253Ds%2525253Ah6%255Eo%25253Aid%25253Ds%2525253Ah7%25255Ehidden%25253Db%2525253A1%25255Ewidth%25253Dn%2525253A100%255Eo%25253Aid%25253Ds%2525253Ah8%25255Ehidden%25253Db%2525253A1%25255Ewidth%25253Dn%2525253A100%255Eo%25253Aid%25253Ds%2525253Ah9%25255Ehidden%25253Db%2525253A1%25255Ewidth%25253Dn%2525253A100%255Eo%25253Aid%25253Ds%2525253Ah10%25255Ehidden%25253Db%2525253A1%25255Ewidth%25253Dn%2525253A100%255Eo%25253Aid%25253Ds%2525253Ah11%25255Ehidden%25253Db%2525253A1%25255Ewidth%25253Dn%2525253A100%255Eo%25253Aid%25253Ds%2525253Ah12%25255Ehidden%25253Db%2525253A1%25255Ewidth%25253Dn%2525253A100%255Eo%25253Aid%25253Ds%2525253Ah13%25255Ehidden%25253Db%2525253A1%25255Ewidth%25253Dn%2525253A100%255Eo%25253Aid%25253Ds%2525253Ah14%255Eo%25253Aid%25253Ds%2525253Ah15%25255Ehidden%25253Db%2525253A0%255Eo%25253Aid%25253Ds%2525253Ah16%25255Ehidden%25253Db%2525253A1%25255Ewidth%25253Dn%2525253A100%255Eo%25253Aid%25253Ds%2525253Ah17%25255Ehidden%25253Db%2525253A1%25255Ewidth%25253Dn%2525253A100%255Eo%25253Aid%25253Ds%2525253Ah18%25255Ehidden%25253Db%2525253A1%25255Ewidth%25253Dn%2525253A100%255Eo%25253Aid%25253Ds%2525253Ah19%25255Ehidden%25253Db%2525253A1%25255Ewidth%25253Dn%2525253A100%255Eo%25253Aid%25253Ds%2525253Ah20%25255Ehidden%25253Db%2525253A1%25255Ewidth%25253Dn%2525253A100%255Eo%25253Aid%25253Ds%2525253Ah21%25255Ehidden%25253Db%2525253A1%25255Ewidth%25253Dn%2525253A100%255Eo%25253Aid%25253Ds%2525253Ah22%25255Ehidden%25253Db%2525253A1%25255Ewidth%25253Dn%2525253A100%255Eo%25253Aid%25253Ds%2525253Ah23%25255Ehidden%25253Db%2525253A1%25255Ewidth%25253Dn%2525253A100%255Eo%25253Aid%25253Ds%2525253Ah24%25255Ehidden%25253Db%2525253A1%25255Ewidth%25253Dn%2525253A100%255Eo%25253Aid%25253Ds%2525253Ah25%25255Ehidden%25253Db%2525253A1%25255Ewidth%25253Dn%2525253A100%255Eo%25253Aid%25253Ds%2525253Ah26%25255Ehidden%25253Db%2525253A1%25255Ewidth%25253Dn%2525253A100%255Eo%25253Aid%25253Ds%2525253Ah27%25255Ehidden%25253Db%2525253A1%25255Ewidth%25253Dn%2525253A100%255Eo%25253Aid%25253Ds%2525253Ah28%25255Ehidden%25253Db%2525253A1%25255Ewidth%25253Dn%2525253A100%255Eo%25253Aid%25253Ds%2525253Ah29%25255Ehidden%25253Db%2525253A1%25255Ewidth%25253Dn%2525253A100%255Eo%25253Aid%25253Ds%2525253Ah30%25255Ehidden%25253Db%2525253A1%25255Ewidth%25253Dn%2525253A100%255Eo%25253Aid%25253Ds%2525253Ah31%25255Ehidden%25253Db%2525253A1%25255Ewidth%25253Dn%2525253A100%255Eo%25253Aid%25253Ds%2525253Ah32%25255Ehidden%25253Db%2525253A1%25255Ewidth%25253Dn%2525253A100%255Eo%25253Aid%25253Ds%2525253Ah33%25255Ehidden%25253Db%2525253A1%25255Ewidth%25253Dn%2525253A100%255Eo%25253Aid%25253Ds%2525253Ah34%25255Ehidden%25253Db%2525253A1%25255Ewidth%25253Dn%2525253A100%255Eo%25253Aid%25253Ds%2525253Ah35%25255Ehidden%25253Db%2525253A1%25255Ewidth%25253Dn%2525253A100%255Eo%25253Aid%25253Ds%2525253Ah36%25255Ehidden%25253Db%2525253A1%25255Ewidth%25253Dn%2525253A100%255Eo%25253Aid%25253Ds%2525253Ah37%25255Ehidden%25253Db%2525253A1%25255Ewidth%25253Dn%2525253A100%255Eo%25253Aid%25253Ds%2525253Ah38%25255Ehidden%25253Db%2525253A1%25255Ewidth%25253Dn%2525253A100%255Eo%25253Aid%25253Ds%2525253Ah39%25255Ehidden%25253Db%2525253A1%25255Ewidth%25253Dn%2525253A100%255Eo%25253Aid%25253Ds%2525253Ah40%25255Ehidden%25253Db%2525253A1%25255Ewidth%25253Dn%2525253A100%255Eo%25253Aid%25253Ds%2525253Ah41%25255Ehidden%25253Db%2525253A1%25255Ewidth%25253Dn%2525253A100%255Eo%25253Aid%25253Ds%2525253Ah42%25255Ehidden%25253Db%2525253A1%25255Ewidth%25253Dn%2525253A100%255Eo%25253Aid%25253Ds%2525253Ah43%25255Ehidden%25253Db%2525253A1%25255Ewidth%25253Dn%2525253A100%255Eo%25253Aid%25253Ds%2525253Ah44%25255Ehidden%25253Db%2525253A1%25255Ewidth%25253Dn%2525253A100%255Eo%25253Aid%25253Ds%2525253Ah45%25255Ehidden%25253Db%2525253A1%25255Ewidth%25253Dn%2525253A100%255Eo%25253Aid%25253Ds%2525253Ah46%25255Ehidden%25253Db%2525253A1%25255Ewidth%25253Dn%2525253A100%5EstoreState%3Do%253Asorters%253Da%25253Ao%2525253Aroot%2525253Ds%252525253Adata%2525255Eproperty%2525253Ds%252525253AadapterKind%2525255Edirection%2525253Ds%252525253AASC%2525255Eid%2525253Ds%252525253AadapterKind"
               }
            ],
            "title": "Cluster List",
            "type": "ResourceList"
         },
         {
            "collapsed": false,
            "config": {
               "chartViewItems": [],
               "isUpdatedView": true,
               "refreshContent": {"refreshContent": false},
               "refreshInterval": 300,
               "resource": null,
               "selectFirstRow": {"selectFirstRow": false},
               "selfProvider": {"selfProvider": false},
               "title": "Power On VMs but Idle",
               "traversalSpecId": "",
               "viewDefinitionId": "956793f5-8af8-4bbc-b1b2-521b7af7f499"
            },
            "gridsterCoords": {
               "h": 3,
               "w": 4,
               "x": 8,
               "y": 8
            },
            "height": 153,
            "id": "e3ef2cad-9345-4431-804d-d874fa2e0317",
            "title": "Power On VMs but Idle",
            "type": "View"
         },
         {
            "collapsed": false,
            "config": {
               "chartViewItems": [],
               "isUpdatedView": true,
               "refreshContent": {"refreshContent": false},
               "refreshInterval": 300,
               "resource": null,
               "selectFirstRow": {"selectFirstRow": false},
               "selfProvider": {"selfProvider": false},
               "title": "VMs - Network Idle",
               "traversalSpecId": "",
               "viewDefinitionId": "43f0a5b8-46e5-4230-8eb8-2957a20052bf"
            },
            "gridsterCoords": {
               "h": 4,
               "w": 4,
               "x": 4,
               "y": 5
            },
            "height": 209,
            "id": "acb129a1-7318-4bb0-86f2-82e52e6f62f0",
            "states": [{
               "key": "perm_toolbarVisible_widget_81270b0e-2d6a-45c3-8bd4-ff13987fd951_acb129a1-7318-4bb0-86f2-82e52e6f62f0",
               "value": "b%3A1"
            }],
            "title": "VMs - Network Idle",
            "type": "View"
         },
         {
            "collapsed": false,
            "config": {
               "chartViewItems": [],
               "isUpdatedView": true,
               "refreshContent": {"refreshContent": false},
               "refreshInterval": 300,
               "resource": null,
               "selectFirstRow": {"selectFirstRow": false},
               "selfProvider": {"selfProvider": false},
               "title": "VMs Oversized",
               "traversalSpecId": "",
               "viewDefinitionId": "869640d6-a102-48d6-8a20-ef05c4c0f511"
            },
            "gridsterCoords": {
               "h": 5,
               "w": 7,
               "x": 1,
               "y": 13
            },
            "height": 267,
            "id": "c33169ab-19b6-4ca5-9e60-73570a80391c",
            "title": "VMs Oversized",
            "type": "View"
         },
         {
            "collapsed": false,
            "config": {
               "chartViewItems": [],
               "isUpdatedView": true,
               "refreshContent": {"refreshContent": false},
               "refreshInterval": 300,
               "resource": null,
               "selectFirstRow": {"selectFirstRow": false},
               "selfProvider": {"selfProvider": false},
               "title": "Wasted Disk Space - VM Datastore",
               "traversalSpecId": "",
               "viewDefinitionId": "315b11d5-f316-4211-a8da-72237b7a0bc5"
            },
            "gridsterCoords": {
               "h": 4,
               "w": 4,
               "x": 4,
               "y": 9
            },
            "height": 209,
            "id": "6a944b40-9c79-480b-a522-4767c62b3163",
            "title": "Wasted Disk Space - VM Datastore",
            "type": "View"
         },
         {
            "collapsed": false,
            "config": {
               "chartViewItems": [],
               "isUpdatedView": true,
               "refreshContent": {"refreshContent": false},
               "refreshInterval": 300,
               "resource": {
                  "id": "Ext.vcops.chrome.model.Resource-2",
                  "resourceId": "resource:id:0_::_",
                  "resourceKindId": "002006VMWAREClusterComputeResource",
                  "resourceName": "CLUSTER",
                  "traversalSpecId": ""
               },
               "selectFirstRow": {"selectFirstRow": false},
               "selfProvider": {"selfProvider": true},
               "title": "How to find Zombies VMs",
               "traversalSpecId": null,
               "viewDefinitionId": "a6461dc4-0c36-4834-8539-64ea61eff36f"
            },
            "gridsterCoords": {
               "h": 4,
               "w": 7,
               "x": 1,
               "y": 1
            },
            "height": 209,
            "id": "455c4b7c-5949-404b-a2cb-e6416813dccf",
            "title": "How to find Zombies VMs",
            "type": "View"
         },
         {
            "collapsed": false,
            "config": {
               "additionalColumns": [],
               "barsCount": 5,
               "customFilter": {
                  "excludedResources": null,
                  "filter": [{
                     "filterTypes": [{
                        "condition": "EQUALS",
                        "filterType": "metrics",
                        "metricKey": "sys|poweredOn",
                        "metricValue": {
                           "isStringMetric": false,
                           "value": 1
                        }
                     }],
                     "resourceKind": "002006VMWAREVirtualMachine"
                  }],
                  "includedResources": null
               },
               "depth": 10,
               "filterMode": "customFilter",
               "filterOldMetrics": {"filterOldMetrics": false},
               "metric": {
                  "metricKey": "badge|workload",
                  "name": "Badge|Workload (%)"
               },
               "mode": "all",
               "percentileValue": 15,
               "refreshContent": {"refreshContent": false},
               "refreshInterval": 300,
               "regenerationTime": 15,
               "relationshipMode": {"relationshipMode": -1},
               "resource": [],
               "resourceKind": [{"id": "resourceKind:id:0_::_"}],
               "roundDecimals": 1,
               "selfProvider": {"selfProvider": false},
               "tagFilter": null,
               "title": "Top-N Lowest Utilization VMs",
               "topOption": "metricsLowestUtilization"
            },
            "gridsterCoords": {
               "h": 5,
               "w": 4,
               "x": 8,
               "y": 11
            },
            "height": 267,
            "id": "90daf369-064b-430f-8b2c-5995da8a70b9",
            "title": "Top-N Lowest Utilization VMs",
            "type": "ParetoAnalysis"
         }
      ]
   }],
   "entries": {
      "resource": [{
         "adapterKindKey": "VMWARE",
         "identifiers": [
            {
               "key": "VMEntityObjectID",
               "value": "domain-c7"
            },
            {
               "key": "VMEntityVCID",
               "value": "0496fb65-8af5-43c2-a60b-b289e5f34dd8"
            }
         ],
         "internalId": "resource:id:0_::_",
         "name": "CLUSTER",
         "resourceKindKey": "ClusterComputeResource"
      }],
      "resourceKind": [
         {
            "adapterKindKey": "VMWARE",
            "internalId": "resourceKind:id:0_::_",
            "resourceKindKey": "VirtualMachine"
         },
         {
            "adapterKindKey": "VMWARE",
            "internalId": "resourceKind:id:1_::_",
            "resourceKindKey": "ClusterComputeResource"
         }
      ]
   },
   "uuid": "96b4ec9c-92e5-41a5-b83b-98f6aa3cdd11"
}